<?xml version="1.0" encoding="UTF-8"?>
<project-private xmlns="http://www.netbeans.org/ns/project-private/1">
    <editor-bookmarks xmlns="http://www.netbeans.org/ns/editor-bookmarks/2" lastBookmarkId="0"/>
    <open-files xmlns="http://www.netbeans.org/ns/projectui-open-files/2">
        <group>
            <file>file:/C:/Users/Yo200/Downloads/Project%20-%20Database/CMP320Project/CMP320Project/src/cmp320project/AssignedProp.java</file>
            <file>file:/C:/Users/Yo200/Downloads/Project%20-%20Database/CMP320Project/CMP320Project/src/cmp320project/AdminGUI.java</file>
            <file>file:/C:/Users/Yo200/Downloads/Project%20-%20Database/CMP320Project/CMP320Project/src/cmp320project/AgentGUI.java</file>
            <file>file:/C:/Users/Yo200/Downloads/Project%20-%20Database/CMP320Project/CMP320Project/src/cmp320project/Agent.java</file>
        </group>
    </open-files>
</project-private>
